[{"model": "contenttypes.contenttype", "pk": 1, "fields": {"app_label": "admin", "model": "logentry"}}, {"model": "contenttypes.contenttype", "pk": 2, "fields": {"app_label": "auth", "model": "permission"}}, {"model": "contenttypes.contenttype", "pk": 3, "fields": {"app_label": "auth", "model": "group"}}, {"model": "contenttypes.contenttype", "pk": 4, "fields": {"app_label": "auth", "model": "user"}}, {"model": "contenttypes.contenttype", "pk": 5, "fields": {"app_label": "contenttypes", "model": "contenttype"}}, {"model": "contenttypes.contenttype", "pk": 6, "fields": {"app_label": "sessions", "model": "session"}}, {"model": "contenttypes.contenttype", "pk": 7, "fields": {"app_label": "p_library", "model": "author"}}, {"model": "contenttypes.contenttype", "pk": 8, "fields": {"app_label": "p_library", "model": "friend"}}, {"model": "contenttypes.contenttype", "pk": 9, "fields": {"app_label": "p_library", "model": "publishing"}}, {"model": "contenttypes.contenttype", "pk": 10, "fields": {"app_label": "p_library", "model": "book"}}, {"model": "contenttypes.contenttype", "pk": 11, "fields": {"app_label": "p_library", "model": "exchange"}}, {"model": "contenttypes.contenttype", "pk": 12, "fields": {"app_label": "socialaccount", "model": "socialtoken"}}, {"model": "contenttypes.contenttype", "pk": 13, "fields": {"app_label": "sites", "model": "site"}}, {"model": "contenttypes.contenttype", "pk": 14, "fields": {"app_label": "account", "model": "emailaddress"}}, {"model": "contenttypes.contenttype", "pk": 15, "fields": {"app_label": "account", "model": "emailconfirmation"}}, {"model": "contenttypes.contenttype", "pk": 16, "fields": {"app_label": "socialaccount", "model": "socialaccount"}}, {"model": "contenttypes.contenttype", "pk": 17, "fields": {"app_label": "socialaccount", "model": "socialapp"}}, {"model": "sessions.session", "pk": "058urlrfl9g2pj5j9udvyvtnqfn6436g", "fields": {"session_data": "MzU5NDUzMTJkYjBjMTY1MDc2ZmViZWE1Nzk2MDViZjVkOTc2MWU0Mjp7Il9hdXRoX3VzZXJfaWQiOiIxIiwiX2F1dGhfdXNlcl9iYWNrZW5kIjoiZGphbmdvLmNvbnRyaWIuYXV0aC5iYWNrZW5kcy5Nb2RlbEJhY2tlbmQiLCJfYXV0aF91c2VyX2hhc2giOiIyYTUzZWU3N2EwOWVhZDFhNTlmYjE4YTc4MWFmMTdhYjI2ZmFmOGYxIn0=", "expire_date": "2020-07-27T09:10:23.913Z"}}, {"model": "sessions.session", "pk": "4xatapd869fk8jhvrdr8jv8wadlg4s5m", "fields": {"session_data": "MTUwMWFiOGE3M2U4YTFlMzBhOThiMGRiMzliYjdkNTIyYmFjYjFlMzp7Il9hdXRoX3VzZXJfaWQiOiI0IiwiX2F1dGhfdXNlcl9iYWNrZW5kIjoiYWxsYXV0aC5hY2NvdW50LmF1dGhfYmFja2VuZHMuQXV0aGVudGljYXRpb25CYWNrZW5kIiwiX2F1dGhfdXNlcl9oYXNoIjoiZjFjYjU3MzMwYTJhODAxNTRlMWU2MzYzMDRlMmEwMDZkODg3YWU2MiJ9", "expire_date": "2020-07-27T09:48:05.836Z"}}, {"model": "sessions.session", "pk": "5h23aivk69g6wbudg8ujzjpx6qmnpdsm", "fields": {"session_data": "MmUzNGRiMmQwNjBhMDY4N2I5YjNhNGFlNTFjNzcxMTdlMGJlZGJjODp7fQ==", "expire_date": "2020-07-27T14:12:00.771Z"}}, {"model": "sessions.session", "pk": "7hgsamv8u6o45qnzalfi785eerihksk6", "fields": {"session_data": "MmUzNGRiMmQwNjBhMDY4N2I5YjNhNGFlNTFjNzcxMTdlMGJlZGJjODp7fQ==", "expire_date": "2020-07-27T14:05:31.038Z"}}, {"model": "sessions.session", "pk": "8x4gcb5u1kiri9s5rwsprp73id4ny75d", "fields": {"session_data": "MTUwMWFiOGE3M2U4YTFlMzBhOThiMGRiMzliYjdkNTIyYmFjYjFlMzp7Il9hdXRoX3VzZXJfaWQiOiI0IiwiX2F1dGhfdXNlcl9iYWNrZW5kIjoiYWxsYXV0aC5hY2NvdW50LmF1dGhfYmFja2VuZHMuQXV0aGVudGljYXRpb25CYWNrZW5kIiwiX2F1dGhfdXNlcl9oYXNoIjoiZjFjYjU3MzMwYTJhODAxNTRlMWU2MzYzMDRlMmEwMDZkODg3YWU2MiJ9", "expire_date": "2020-07-27T10:14:19.728Z"}}, {"model": "sessions.session", "pk": "bn4bthdf1cg6h22c26pnl3vulreb262y", "fields": {"session_data": "MmUzNGRiMmQwNjBhMDY4N2I5YjNhNGFlNTFjNzcxMTdlMGJlZGJjODp7fQ==", "expire_date": "2020-07-27T14:04:57.244Z"}}, {"model": "sessions.session", "pk": "dta0v8kyx3p9x139stdw4lokdfhf73lt", "fields": {"session_data": "MTUwMWFiOGE3M2U4YTFlMzBhOThiMGRiMzliYjdkNTIyYmFjYjFlMzp7Il9hdXRoX3VzZXJfaWQiOiI0IiwiX2F1dGhfdXNlcl9iYWNrZW5kIjoiYWxsYXV0aC5hY2NvdW50LmF1dGhfYmFja2VuZHMuQXV0aGVudGljYXRpb25CYWNrZW5kIiwiX2F1dGhfdXNlcl9oYXNoIjoiZjFjYjU3MzMwYTJhODAxNTRlMWU2MzYzMDRlMmEwMDZkODg3YWU2MiJ9", "expire_date": "2020-07-27T10:41:46.113Z"}}, {"model": "sessions.session", "pk": "ekba24kyxv0nmd2vgutuhshukmye9lkq", "fields": {"session_data": "NDZjNTBkNmY2ZDg4NDZjNTU0ZTFkZThiY2YzOWMzMmI5NmVjNjUyOTp7ImFjY291bnRfdmVyaWZpZWRfZW1haWwiOm51bGwsImFjY291bnRfdXNlciI6IjQiLCJfYXV0aF91c2VyX2lkIjoiNCIsIl9hdXRoX3VzZXJfYmFja2VuZCI6ImFsbGF1dGguYWNjb3VudC5hdXRoX2JhY2tlbmRzLkF1dGhlbnRpY2F0aW9uQmFja2VuZCIsIl9hdXRoX3VzZXJfaGFzaCI6ImYxY2I1NzMzMGEyYTgwMTU0ZTFlNjM2MzA0ZTJhMDA2ZDg4N2FlNjIifQ==", "expire_date": "2020-07-27T09:46:24.020Z"}}, {"model": "sessions.session", "pk": "ezy50z0xw3fabe2u0heqg422bv6amgm0", "fields": {"session_data": "NTQ0NzAxOWJmOWU1ZjRjOTAxMjlhM2UwNTM3ZGMxMTdiYjEzNjU0OTp7ImFjY291bnRfdmVyaWZpZWRfZW1haWwiOm51bGwsImFjY291bnRfdXNlciI6IjUiLCJfYXV0aF91c2VyX2lkIjoiNSIsIl9hdXRoX3VzZXJfYmFja2VuZCI6ImFsbGF1dGguYWNjb3VudC5hdXRoX2JhY2tlbmRzLkF1dGhlbnRpY2F0aW9uQmFja2VuZCIsIl9hdXRoX3VzZXJfaGFzaCI6IjkxNTk1OWYwZjhmMGI3YmI2NDY1YTUzMDQyOWY3NjBhMmJkZDZlYWQifQ==", "expire_date": "2020-07-27T09:48:34.336Z"}}, {"model": "sessions.session", "pk": "f3c0xl9lbfxak5dp8glhtn5knve8uxdz", "fields": {"session_data": "MzU5NDUzMTJkYjBjMTY1MDc2ZmViZWE1Nzk2MDViZjVkOTc2MWU0Mjp7Il9hdXRoX3VzZXJfaWQiOiIxIiwiX2F1dGhfdXNlcl9iYWNrZW5kIjoiZGphbmdvLmNvbnRyaWIuYXV0aC5iYWNrZW5kcy5Nb2RlbEJhY2tlbmQiLCJfYXV0aF91c2VyX2hhc2giOiIyYTUzZWU3N2EwOWVhZDFhNTlmYjE4YTc4MWFmMTdhYjI2ZmFmOGYxIn0=", "expire_date": "2020-07-26T10:32:10.612Z"}}, {"model": "sessions.session", "pk": "g6oic9w3tryyfxqi7of2jvlkutw37w4d", "fields": {"session_data": "YTQ1MTNjMzJiZTBhOGY0NjY0NzZlNzg4ZDc4YzAwYzhkYTQxOTFhZjp7ImFjY291bnRfdmVyaWZpZWRfZW1haWwiOm51bGwsImFjY291bnRfdXNlciI6IjciLCJfYXV0aF91c2VyX2lkIjoiNyIsIl9hdXRoX3VzZXJfYmFja2VuZCI6ImFsbGF1dGguYWNjb3VudC5hdXRoX2JhY2tlbmRzLkF1dGhlbnRpY2F0aW9uQmFja2VuZCIsIl9hdXRoX3VzZXJfaGFzaCI6ImM1ZTRmZGQ3MmMzZmJjOTI3YzJmMDQzOThmNGRmZjRjZTE3Y2Y5NTAifQ==", "expire_date": "2020-07-27T10:05:31.462Z"}}, {"model": "sessions.session", "pk": "gsw8yasnmkh1jool1rf2qalvg1hgb1z8", "fields": {"session_data": "MmUzNGRiMmQwNjBhMDY4N2I5YjNhNGFlNTFjNzcxMTdlMGJlZGJjODp7fQ==", "expire_date": "2020-07-27T14:07:33.188Z"}}, {"model": "sessions.session", "pk": "guk1kmpp5o30g7rm39t6fkdjpb379aso", "fields": {"session_data": "MTUwMWFiOGE3M2U4YTFlMzBhOThiMGRiMzliYjdkNTIyYmFjYjFlMzp7Il9hdXRoX3VzZXJfaWQiOiI0IiwiX2F1dGhfdXNlcl9iYWNrZW5kIjoiYWxsYXV0aC5hY2NvdW50LmF1dGhfYmFja2VuZHMuQXV0aGVudGljYXRpb25CYWNrZW5kIiwiX2F1dGhfdXNlcl9oYXNoIjoiZjFjYjU3MzMwYTJhODAxNTRlMWU2MzYzMDRlMmEwMDZkODg3YWU2MiJ9", "expire_date": "2020-07-28T06:52:22.898Z"}}, {"model": "sessions.session", "pk": "hz84323h1npi9z5rwo6303lqfzwwwrai", "fields": {"session_data": "MTUwMWFiOGE3M2U4YTFlMzBhOThiMGRiMzliYjdkNTIyYmFjYjFlMzp7Il9hdXRoX3VzZXJfaWQiOiI0IiwiX2F1dGhfdXNlcl9iYWNrZW5kIjoiYWxsYXV0aC5hY2NvdW50LmF1dGhfYmFja2VuZHMuQXV0aGVudGljYXRpb25CYWNrZW5kIiwiX2F1dGhfdXNlcl9oYXNoIjoiZjFjYjU3MzMwYTJhODAxNTRlMWU2MzYzMDRlMmEwMDZkODg3YWU2MiJ9", "expire_date": "2020-07-27T10:06:05.783Z"}}, {"model": "sessions.session", "pk": "ihuqkwew347auqa8n1j2nujx7nqv23nq", "fields": {"session_data": "MmUzNGRiMmQwNjBhMDY4N2I5YjNhNGFlNTFjNzcxMTdlMGJlZGJjODp7fQ==", "expire_date": "2020-07-27T14:13:28.022Z"}}, {"model": "sessions.session", "pk": "jadaikj8qm21vyg9r25ioba6hwer25az", "fields": {"session_data": "MzU5NDUzMTJkYjBjMTY1MDc2ZmViZWE1Nzk2MDViZjVkOTc2MWU0Mjp7Il9hdXRoX3VzZXJfaWQiOiIxIiwiX2F1dGhfdXNlcl9iYWNrZW5kIjoiZGphbmdvLmNvbnRyaWIuYXV0aC5iYWNrZW5kcy5Nb2RlbEJhY2tlbmQiLCJfYXV0aF91c2VyX2hhc2giOiIyYTUzZWU3N2EwOWVhZDFhNTlmYjE4YTc4MWFmMTdhYjI2ZmFmOGYxIn0=", "expire_date": "2020-07-27T09:44:54.884Z"}}, {"model": "sessions.session", "pk": "llaop2w98xljfdq0qe7cfzaw6z3x0g9f", "fields": {"session_data": "YmE5MGI1Nzc4NjE1YzBjMTkwMDgwMjNkYzUyZGNhMzk4ZmEzMDM1OTp7ImFjY291bnRfdmVyaWZpZWRfZW1haWwiOm51bGwsImFjY291bnRfdXNlciI6IjYiLCJfYXV0aF91c2VyX2lkIjoiNiIsIl9hdXRoX3VzZXJfYmFja2VuZCI6ImFsbGF1dGguYWNjb3VudC5hdXRoX2JhY2tlbmRzLkF1dGhlbnRpY2F0aW9uQmFja2VuZCIsIl9hdXRoX3VzZXJfaGFzaCI6IjhjNTJlZmZiMGIwZmZlOWEzYjk5YjY1ZTZkNjcyMjljMjNmMjEwYzYifQ==", "expire_date": "2020-07-27T10:03:58.654Z"}}, {"model": "sessions.session", "pk": "lnz2ff52fsjhoq5xcw89zayjtqbibz1c", "fields": {"session_data": "YTY2NWZlYjYxOGFjZTcwNzRhMTJiMTg5ZWYxMTA5NmExNWZlODhmZjp7ImFjY291bnRfdmVyaWZpZWRfZW1haWwiOm51bGwsImFjY291bnRfdXNlciI6IjkiLCJfYXV0aF91c2VyX2lkIjoiOSIsIl9hdXRoX3VzZXJfYmFja2VuZCI6ImFsbGF1dGguYWNjb3VudC5hdXRoX2JhY2tlbmRzLkF1dGhlbnRpY2F0aW9uQmFja2VuZCIsIl9hdXRoX3VzZXJfaGFzaCI6IjI1OTg1NDRhNWQ5MWE0ZmMyY2FmNDhiNzBiY2Y1NjQwNTE3ZjE5NmMifQ==", "expire_date": "2020-07-27T10:15:10.638Z"}}, {"model": "sessions.session", "pk": "to7y1upfjh249wpwys0d65p7j0fy3smp", "fields": {"session_data": "MmUzNGRiMmQwNjBhMDY4N2I5YjNhNGFlNTFjNzcxMTdlMGJlZGJjODp7fQ==", "expire_date": "2020-07-27T14:00:41.962Z"}}, {"model": "sessions.session", "pk": "tou8ubnrva4rw66vwwx61gwbrud0bitt", "fields": {"session_data": "MmUzNGRiMmQwNjBhMDY4N2I5YjNhNGFlNTFjNzcxMTdlMGJlZGJjODp7fQ==", "expire_date": "2020-07-27T14:00:04.175Z"}}, {"model": "sessions.session", "pk": "uw0fv8r57iiqsgmrq2jy7rktefqfibhs", "fields": {"session_data": "MTUwMWFiOGE3M2U4YTFlMzBhOThiMGRiMzliYjdkNTIyYmFjYjFlMzp7Il9hdXRoX3VzZXJfaWQiOiI0IiwiX2F1dGhfdXNlcl9iYWNrZW5kIjoiYWxsYXV0aC5hY2NvdW50LmF1dGhfYmFja2VuZHMuQXV0aGVudGljYXRpb25CYWNrZW5kIiwiX2F1dGhfdXNlcl9oYXNoIjoiZjFjYjU3MzMwYTJhODAxNTRlMWU2MzYzMDRlMmEwMDZkODg3YWU2MiJ9", "expire_date": "2020-07-27T12:28:07.870Z"}}, {"model": "sessions.session", "pk": "wdh5j3cn1prrvt52hbrwjnqwmaa0uqbg", "fields": {"session_data": "MmUzNGRiMmQwNjBhMDY4N2I5YjNhNGFlNTFjNzcxMTdlMGJlZGJjODp7fQ==", "expire_date": "2020-07-27T14:14:16.049Z"}}, {"model": "sessions.session", "pk": "xfieoxwulvzxesubi49hoje07wbsnb8c", "fields": {"session_data": "MmUzNGRiMmQwNjBhMDY4N2I5YjNhNGFlNTFjNzcxMTdlMGJlZGJjODp7fQ==", "expire_date": "2020-07-27T14:12:24.020Z"}}, {"model": "sessions.session", "pk": "z3daw3gmlvwyvo5o3jhe4y688wbuw6rh", "fields": {"session_data": "Mjk3YTQ5MTllZWY1MWEyZjA3ZDQ5NzYyODM1MmE4NDI2NGVhMDkxMzp7ImFjY291bnRfdmVyaWZpZWRfZW1haWwiOm51bGwsImFjY291bnRfdXNlciI6IjgiLCJfYXV0aF91c2VyX2lkIjoiOCIsIl9hdXRoX3VzZXJfYmFja2VuZCI6ImFsbGF1dGguYWNjb3VudC5hdXRoX2JhY2tlbmRzLkF1dGhlbnRpY2F0aW9uQmFja2VuZCIsIl9hdXRoX3VzZXJfaGFzaCI6IjNkMzNlYWVkZjkyNzNlNTZkNDljNmIwMmQwODYyNzc2N2UzNTQzMWQifQ==", "expire_date": "2020-07-27T10:10:23.602Z"}}, {"model": "sessions.session", "pk": "z41kjamp1daxbti8too8gielwggiqbam", "fields": {"session_data": "MTUwMWFiOGE3M2U4YTFlMzBhOThiMGRiMzliYjdkNTIyYmFjYjFlMzp7Il9hdXRoX3VzZXJfaWQiOiI0IiwiX2F1dGhfdXNlcl9iYWNrZW5kIjoiYWxsYXV0aC5hY2NvdW50LmF1dGhfYmFja2VuZHMuQXV0aGVudGljYXRpb25CYWNrZW5kIiwiX2F1dGhfdXNlcl9oYXNoIjoiZjFjYjU3MzMwYTJhODAxNTRlMWU2MzYzMDRlMmEwMDZkODg3YWU2MiJ9", "expire_date": "2020-07-27T10:03:15.197Z"}}, {"model": "sessions.session", "pk": "z89pjh04c9q0oymgy4dymy9pvvpdklr9", "fields": {"session_data": "MmUzNGRiMmQwNjBhMDY4N2I5YjNhNGFlNTFjNzcxMTdlMGJlZGJjODp7fQ==", "expire_date": "2020-07-27T14:07:47.024Z"}}, {"model": "sessions.session", "pk": "zsawn8c25igj82mz9jrlvi5g06x95qo1", "fields": {"session_data": "NDFiNzQ5MTgxYTAyMzJlYmEwOThhM2ExMjQzMTU0ZGIzMWY1YzJjMTp7ImFjY291bnRfdmVyaWZpZWRfZW1haWwiOm51bGwsImFjY291bnRfdXNlciI6IjIiLCJfYXV0aF91c2VyX2lkIjoiMiIsIl9hdXRoX3VzZXJfYmFja2VuZCI6ImFsbGF1dGguYWNjb3VudC5hdXRoX2JhY2tlbmRzLkF1dGhlbnRpY2F0aW9uQmFja2VuZCIsIl9hdXRoX3VzZXJfaGFzaCI6ImQ3YjJjODZlZDNlNmNjZjVmOWE2ZWIxNjAwYmI1NGZkMjY5Yjg2MmIifQ==", "expire_date": "2020-07-27T09:23:55.350Z"}}, {"model": "sessions.session", "pk": "zxiaziegcjvk48zhy7lmcyzgt0r55py6", "fields": {"session_data": "MzU5NDUzMTJkYjBjMTY1MDc2ZmViZWE1Nzk2MDViZjVkOTc2MWU0Mjp7Il9hdXRoX3VzZXJfaWQiOiIxIiwiX2F1dGhfdXNlcl9iYWNrZW5kIjoiZGphbmdvLmNvbnRyaWIuYXV0aC5iYWNrZW5kcy5Nb2RlbEJhY2tlbmQiLCJfYXV0aF91c2VyX2hhc2giOiIyYTUzZWU3N2EwOWVhZDFhNTlmYjE4YTc4MWFmMTdhYjI2ZmFmOGYxIn0=", "expire_date": "2020-07-24T07:13:10.379Z"}}, {"model": "p_library.publishing", "pk": 1, "fields": {"name": "Unknown Publisher", "country": "RU"}}, {"model": "p_library.publishing", "pk": 2, "fields": {"name": "Pearson", "country": "EN"}}, {"model": "p_library.publishing", "pk": 3, "fields": {"name": "Thomson-Reuters", "country": "US"}}, {"model": "p_library.publishing", "pk": 4, "fields": {"name": "Hachette Livre", "country": "FR"}}, {"model": "p_library.author", "pk": 1, "fields": {"full_name": "\u041d\u0438\u043a\u043e\u043b\u0430\u0439 \u0412\u0430\u0441\u0438\u043b\u044c\u0435\u0432\u0438\u0447 \u0413\u043e\u0433\u043e\u043b\u044c", "birth_year": 1809, "country": "RU"}}, {"model": "p_library.author", "pk": 2, "fields": {"full_name": "\u041f\u0443\u0448\u043a\u0438\u043d \u0410\u043b\u0435\u043a\u0441\u0430\u043d\u0434\u0440 \u0421\u0435\u0440\u0433\u0435\u0435\u0432\u0438\u0447", "birth_year": 1799, "country": "RU"}}, {"model": "p_library.author", "pk": 3, "fields": {"full_name": "\u0422\u0443\u0440\u0433\u0435\u043d\u0435\u0432 \u0418\u0432\u0430\u043d \u0421\u0435\u0440\u0433\u0435\u0435\u0432\u0438\u0447", "birth_year": 1818, "country": "RU"}}, {"model": "p_library.author", "pk": 4, "fields": {"full_name": "Douglas Adams", "birth_year": 1952, "country": "UK"}}, {"model": "p_library.author", "pk": 5, "fields": {"full_name": "Jerome David Salinger", "birth_year": 1919, "country": "US"}}, {"model": "p_library.author", "pk": 6, "fields": {"full_name": "Knut Hamsun", "birth_year": 1859, "country": "NO"}}, {"model": "p_library.friend", "pk": 1, "fields": {"full_name": "Friend1"}}, {"model": "p_library.friend", "pk": 2, "fields": {"full_name": "Friend2"}}, {"model": "p_library.friend", "pk": 3, "fields": {"full_name": "Friend3"}}, {"model": "p_library.book", "pk": 1, "fields": {"ISBN": "9785170622207", "title": "The Growth of the Soil", "description": "Story of a man who settles and lives in rural Norway.", "year_release": 1917, "author": 6, "price": "939.70000", "copy_count": 3, "publishing": 3, "cover": ""}}, {"model": "p_library.book", "pk": 2, "fields": {"ISBN": "9785931240053", "title": "\u0420\u0443\u0441\u043b\u0430\u043d \u0438 \u041b\u044e\u0434\u043c\u0438\u043b\u0430", "description": "\u0412\u043e\u043b\u0448\u0435\u0431\u043d\u0430\u044f \u0441\u043a\u0430\u0437\u043a\u0430, \u0432\u0434\u043e\u0445\u043d\u043e\u0432\u043b\u0451\u043d\u043d\u0430\u044f \u0434\u0440\u0435\u0432\u043d\u0435\u0440\u0443\u0441\u0441\u043a\u0438\u043c\u0438 \u0431\u044b\u043b\u0438\u043d\u0430\u043c\u0438.", "year_release": 1820, "author": 2, "price": "789.15000", "copy_count": 1, "publishing": null, "cover": ""}}, {"model": "p_library.book", "pk": 3, "fields": {"ISBN": "9788588603271", "title": "\u0420\u0435\u0432\u0438\u0437\u043e\u0440", "description": "\u041a\u043e\u043c\u0435\u0434\u0438\u044f \u0432 \u043f\u044f\u0442\u0438 \u0434\u0435\u0439\u0441\u0442\u0432\u0438\u044f\u0445 \u0440\u0443\u0441\u0441\u043a\u043e\u0433\u043e \u043f\u0438\u0441\u0430\u0442\u0435\u043b\u044f \u041d\u0438\u043a\u043e\u043b\u0430\u044f \u0412\u0430\u0441\u0438\u043b\u044c\u0435\u0432\u0438\u0447\u0430 \u0413\u043e\u0433\u043e\u043b\u044f.", "year_release": 1835, "author": 1, "price": "2284.66000", "copy_count": 3, "publishing": 1, "cover": ""}}, {"model": "p_library.book", "pk": 4, "fields": {"ISBN": "9789755630311", "title": "\u041c\u0435\u0434\u043d\u044b\u0439 \u0432\u0441\u0430\u0434\u043d\u0438\u043a", "description": "\u041f\u043e\u044d\u043c\u0430 \u0410. \u0421. \u041f\u0443\u0448\u043a\u0438\u043d\u0430.", "year_release": 1837, "author": 2, "price": "1884.04000", "copy_count": 5, "publishing": null, "cover": ""}}, {"model": "p_library.book", "pk": 5, "fields": {"ISBN": "9785457325753", "title": "\u0413\u0440\u0430\u0444 \u041d\u0443\u043b\u0438\u043d", "description": "\u041a\u043e\u0440\u043e\u0442\u043a\u0430\u044f \u0448\u0443\u0442\u043e\u0447\u043d\u0430\u044f \u043f\u043e\u044d\u043c\u0430, \u043d\u0430\u043f\u0438\u0441\u0430\u043d\u043d\u0430\u044f \u041f\u0443\u0448\u043a\u0438\u043d\u044b\u043c \u0432\u0441\u0435\u0433\u043e \u0437\u0430 \u0434\u0432\u0430 \u0443\u0442\u0440\u0430 13 \u0438 14 \u0434\u0435\u043a\u0430\u0431\u0440\u044f 1825 \u0433\u043e\u0434\u0430 \u0432\u043e \u0432\u0440\u0435\u043c\u044f \u0441\u0441\u044b\u043b\u043a\u0438 \u0432 \u041c\u0438\u0445\u0430\u0439\u043b\u043e\u0432\u0441\u043a\u043e\u043c.", "year_release": 1825, "author": 2, "price": "2170.84000", "copy_count": 2, "publishing": 1, "cover": ""}}, {"model": "p_library.book", "pk": 6, "fields": {"ISBN": "9781072923893", "title": "\u041d\u043e\u0432\u044c", "description": "\u041f\u043e\u0441\u043b\u0435\u0434\u043d\u0438\u0439 \u043f\u043e \u0432\u0440\u0435\u043c\u0435\u043d\u0438 \u0438 \u0441\u0430\u043c\u044b\u0439 \u0434\u043b\u0438\u043d\u043d\u044b\u0439 \u0440\u043e\u043c\u0430\u043d \u0418\u0432\u0430\u043d\u0430 \u0421\u0435\u0440\u0433\u0435\u0435\u0432\u0438\u0447\u0430 \u0422\u0443\u0440\u0433\u0435\u043d\u0435\u0432\u0430.", "year_release": 1877, "author": 3, "price": "1644.10000", "copy_count": 4, "publishing": null, "cover": ""}}, {"model": "p_library.book", "pk": 7, "fields": {"ISBN": "9781447297017", "title": "The Hitchhiker's Guide to the Galaxy", "description": "Has become an international multi-media phenomenon", "year_release": 1979, "author": 4, "price": "2044.16000", "copy_count": 3, "publishing": 2, "cover": ""}}, {"model": "p_library.book", "pk": 8, "fields": {"ISBN": "9783036959542", "title": "So Long, and Thanks for All the Fish", "description": "Is the fourth book of the Hitchhiker's Guide to the Galaxy", "year_release": 1984, "author": 4, "price": "2092.53000", "copy_count": 4, "publishing": null, "cover": ""}}, {"model": "p_library.book", "pk": 14, "fields": {"ISBN": "9780345455291", "title": "The Salmon of Doubt", "description": "Join Adams on an excursion to climb Kilimanjaro\u2026dressed in a rhino costume; peek into the private life of Genghis Khan\u2014warrior and world-class neurotic;", "year_release": 2005, "author": 4, "price": "1500.00000", "copy_count": 1, "publishing": 3, "cover": ""}}, {"model": "p_library.book", "pk": 15, "fields": {"ISBN": "978-5-906726", "title": "\u0412\u0438\u0439", "description": "\u0412\u0438\u0439", "year_release": 1895, "author": 1, "price": "500.00000", "copy_count": 1, "publishing": 1, "cover": "covers/Nikolaj_Gogol__Vij_drmuuLX.jpeg"}}, {"model": "p_library.book", "pk": 16, "fields": {"ISBN": "9780345455291", "title": "Dirk Gently #3", "description": "(Dirk Gently #3)", "year_release": 2015, "author": 4, "price": "1200.00000", "copy_count": 1, "publishing": 4, "cover": "covers/51iKGcbS6oL._SX302_BO1204203200_.jpg"}}, {"model": "p_library.book", "pk": 17, "fields": {"ISBN": "9780316767729", "title": "Nine Stories", "description": "Nine Stories (1953) is a collection of short stories by American fiction writer J. D. Salinger published in April 1953.", "year_release": 1953, "author": 5, "price": "2000.00000", "copy_count": 1, "publishing": 4, "cover": "covers/274px-NineStories.jpg"}}, {"model": "p_library.exchange", "pk": 1, "fields": {"book": 1, "friend": 1}}, {"model": "p_library.exchange", "pk": 2, "fields": {"book": 5, "friend": 2}}, {"model": "p_library.exchange", "pk": 3, "fields": {"book": 7, "friend": 3}}, {"model": "p_library.exchange", "pk": 4, "fields": {"book": 7, "friend": 1}}, {"model": "sites.site", "pk": 1, "fields": {"domain": "example.com", "name": "example.com"}}, {"model": "socialaccount.socialapp", "pk": 1, "fields": {"provider": "github", "name": "lib_auth", "client_id": "77b654c5b0ef40b40cd3", "secret": "9dbf5fca4190a70562db4e5d09d6bec424ff8fff", "key": "", "sites": [1]}}, {"model": "socialaccount.socialtoken", "pk": 1, "fields": {"app": 1, "account": 1, "token": "b7104591f678038d26122e6ebeea9df12006ebea", "token_secret": "", "expires_at": null}}, {"model": "auth.permission", "pk": 1, "fields": {"name": "Can add log entry", "content_type": 1, "codename": "add_logentry"}}, {"model": "auth.permission", "pk": 2, "fields": {"name": "Can change log entry", "content_type": 1, "codename": "change_logentry"}}, {"model": "auth.permission", "pk": 3, "fields": {"name": "Can delete log entry", "content_type": 1, "codename": "delete_logentry"}}, {"model": "auth.permission", "pk": 4, "fields": {"name": "Can view log entry", "content_type": 1, "codename": "view_logentry"}}, {"model": "auth.permission", "pk": 5, "fields": {"name": "Can add permission", "content_type": 2, "codename": "add_permission"}}, {"model": "auth.permission", "pk": 6, "fields": {"name": "Can change permission", "content_type": 2, "codename": "change_permission"}}, {"model": "auth.permission", "pk": 7, "fields": {"name": "Can delete permission", "content_type": 2, "codename": "delete_permission"}}, {"model": "auth.permission", "pk": 8, "fields": {"name": "Can view permission", "content_type": 2, "codename": "view_permission"}}, {"model": "auth.permission", "pk": 9, "fields": {"name": "Can add group", "content_type": 3, "codename": "add_group"}}, {"model": "auth.permission", "pk": 10, "fields": {"name": "Can change group", "content_type": 3, "codename": "change_group"}}, {"model": "auth.permission", "pk": 11, "fields": {"name": "Can delete group", "content_type": 3, "codename": "delete_group"}}, {"model": "auth.permission", "pk": 12, "fields": {"name": "Can view group", "content_type": 3, "codename": "view_group"}}, {"model": "auth.permission", "pk": 13, "fields": {"name": "Can add user", "content_type": 4, "codename": "add_user"}}, {"model": "auth.permission", "pk": 14, "fields": {"name": "Can change user", "content_type": 4, "codename": "change_user"}}, {"model": "auth.permission", "pk": 15, "fields": {"name": "Can delete user", "content_type": 4, "codename": "delete_user"}}, {"model": "auth.permission", "pk": 16, "fields": {"name": "Can view user", "content_type": 4, "codename": "view_user"}}, {"model": "auth.permission", "pk": 17, "fields": {"name": "Can add content type", "content_type": 5, "codename": "add_contenttype"}}, {"model": "auth.permission", "pk": 18, "fields": {"name": "Can change content type", "content_type": 5, "codename": "change_contenttype"}}, {"model": "auth.permission", "pk": 19, "fields": {"name": "Can delete content type", "content_type": 5, "codename": "delete_contenttype"}}, {"model": "auth.permission", "pk": 20, "fields": {"name": "Can view content type", "content_type": 5, "codename": "view_contenttype"}}, {"model": "auth.permission", "pk": 21, "fields": {"name": "Can add session", "content_type": 6, "codename": "add_session"}}, {"model": "auth.permission", "pk": 22, "fields": {"name": "Can change session", "content_type": 6, "codename": "change_session"}}, {"model": "auth.permission", "pk": 23, "fields": {"name": "Can delete session", "content_type": 6, "codename": "delete_session"}}, {"model": "auth.permission", "pk": 24, "fields": {"name": "Can view session", "content_type": 6, "codename": "view_session"}}, {"model": "auth.permission", "pk": 25, "fields": {"name": "Can add author", "content_type": 7, "codename": "add_author"}}, {"model": "auth.permission", "pk": 26, "fields": {"name": "Can change author", "content_type": 7, "codename": "change_author"}}, {"model": "auth.permission", "pk": 27, "fields": {"name": "Can delete author", "content_type": 7, "codename": "delete_author"}}, {"model": "auth.permission", "pk": 28, "fields": {"name": "Can view author", "content_type": 7, "codename": "view_author"}}, {"model": "auth.permission", "pk": 29, "fields": {"name": "Can add friend", "content_type": 8, "codename": "add_friend"}}, {"model": "auth.permission", "pk": 30, "fields": {"name": "Can change friend", "content_type": 8, "codename": "change_friend"}}, {"model": "auth.permission", "pk": 31, "fields": {"name": "Can delete friend", "content_type": 8, "codename": "delete_friend"}}, {"model": "auth.permission", "pk": 32, "fields": {"name": "Can view friend", "content_type": 8, "codename": "view_friend"}}, {"model": "auth.permission", "pk": 33, "fields": {"name": "Can add publishing", "content_type": 9, "codename": "add_publishing"}}, {"model": "auth.permission", "pk": 34, "fields": {"name": "Can change publishing", "content_type": 9, "codename": "change_publishing"}}, {"model": "auth.permission", "pk": 35, "fields": {"name": "Can delete publishing", "content_type": 9, "codename": "delete_publishing"}}, {"model": "auth.permission", "pk": 36, "fields": {"name": "Can view publishing", "content_type": 9, "codename": "view_publishing"}}, {"model": "auth.permission", "pk": 37, "fields": {"name": "Can add book", "content_type": 10, "codename": "add_book"}}, {"model": "auth.permission", "pk": 38, "fields": {"name": "Can change book", "content_type": 10, "codename": "change_book"}}, {"model": "auth.permission", "pk": 39, "fields": {"name": "Can delete book", "content_type": 10, "codename": "delete_book"}}, {"model": "auth.permission", "pk": 40, "fields": {"name": "Can view book", "content_type": 10, "codename": "view_book"}}, {"model": "auth.permission", "pk": 41, "fields": {"name": "Can add exchange", "content_type": 11, "codename": "add_exchange"}}, {"model": "auth.permission", "pk": 42, "fields": {"name": "Can change exchange", "content_type": 11, "codename": "change_exchange"}}, {"model": "auth.permission", "pk": 43, "fields": {"name": "Can delete exchange", "content_type": 11, "codename": "delete_exchange"}}, {"model": "auth.permission", "pk": 44, "fields": {"name": "Can view exchange", "content_type": 11, "codename": "view_exchange"}}, {"model": "auth.permission", "pk": 45, "fields": {"name": "Can add site", "content_type": 13, "codename": "add_site"}}, {"model": "auth.permission", "pk": 46, "fields": {"name": "Can change site", "content_type": 13, "codename": "change_site"}}, {"model": "auth.permission", "pk": 47, "fields": {"name": "Can delete site", "content_type": 13, "codename": "delete_site"}}, {"model": "auth.permission", "pk": 48, "fields": {"name": "Can view site", "content_type": 13, "codename": "view_site"}}, {"model": "auth.permission", "pk": 49, "fields": {"name": "Can add email address", "content_type": 14, "codename": "add_emailaddress"}}, {"model": "auth.permission", "pk": 50, "fields": {"name": "Can change email address", "content_type": 14, "codename": "change_emailaddress"}}, {"model": "auth.permission", "pk": 51, "fields": {"name": "Can delete email address", "content_type": 14, "codename": "delete_emailaddress"}}, {"model": "auth.permission", "pk": 52, "fields": {"name": "Can view email address", "content_type": 14, "codename": "view_emailaddress"}}, {"model": "auth.permission", "pk": 53, "fields": {"name": "Can add email confirmation", "content_type": 15, "codename": "add_emailconfirmation"}}, {"model": "auth.permission", "pk": 54, "fields": {"name": "Can change email confirmation", "content_type": 15, "codename": "change_emailconfirmation"}}, {"model": "auth.permission", "pk": 55, "fields": {"name": "Can delete email confirmation", "content_type": 15, "codename": "delete_emailconfirmation"}}, {"model": "auth.permission", "pk": 56, "fields": {"name": "Can view email confirmation", "content_type": 15, "codename": "view_emailconfirmation"}}, {"model": "auth.permission", "pk": 57, "fields": {"name": "Can add social account", "content_type": 16, "codename": "add_socialaccount"}}, {"model": "auth.permission", "pk": 58, "fields": {"name": "Can change social account", "content_type": 16, "codename": "change_socialaccount"}}, {"model": "auth.permission", "pk": 59, "fields": {"name": "Can delete social account", "content_type": 16, "codename": "delete_socialaccount"}}, {"model": "auth.permission", "pk": 60, "fields": {"name": "Can view social account", "content_type": 16, "codename": "view_socialaccount"}}, {"model": "auth.permission", "pk": 61, "fields": {"name": "Can add social application", "content_type": 17, "codename": "add_socialapp"}}, {"model": "auth.permission", "pk": 62, "fields": {"name": "Can change social application", "content_type": 17, "codename": "change_socialapp"}}, {"model": "auth.permission", "pk": 63, "fields": {"name": "Can delete social application", "content_type": 17, "codename": "delete_socialapp"}}, {"model": "auth.permission", "pk": 64, "fields": {"name": "Can view social application", "content_type": 17, "codename": "view_socialapp"}}, {"model": "auth.permission", "pk": 65, "fields": {"name": "Can add social application token", "content_type": 12, "codename": "add_socialtoken"}}, {"model": "auth.permission", "pk": 66, "fields": {"name": "Can change social application token", "content_type": 12, "codename": "change_socialtoken"}}, {"model": "auth.permission", "pk": 67, "fields": {"name": "Can delete social application token", "content_type": 12, "codename": "delete_socialtoken"}}, {"model": "auth.permission", "pk": 68, "fields": {"name": "Can view social application token", "content_type": 12, "codename": "view_socialtoken"}}, {"model": "auth.user", "pk": 1, "fields": {"password": "pbkdf2_sha256$180000$xFjjiiMvXtgV$HaUV/A7r7SEPm5HJubZMSjqQ19zTMSONS0Mf4Bi/4ho=", "last_login": "2020-07-14T06:38:24.693Z", "is_superuser": true, "username": "sf", "first_name": "", "last_name": "", "email": "", "is_staff": true, "is_active": true, "date_joined": "2020-07-10T07:13:04.040Z", "groups": [], "user_permissions": []}}, {"model": "auth.user", "pk": 2, "fields": {"password": "pbkdf2_sha256$180000$lM0PeGh4ynLZ$6qa53+2QlWb42JohoAd9F/iDl+BopGJf4piBCJEjVG4=", "last_login": "2020-07-13T09:23:55.340Z", "is_superuser": false, "username": "NewUser", "first_name": "", "last_name": "", "email": "", "is_staff": false, "is_active": true, "date_joined": "2020-07-13T09:23:55.183Z", "groups": [], "user_permissions": []}}, {"model": "auth.user", "pk": 3, "fields": {"password": "pbkdf2_sha256$180000$OMDzxXFGSz6M$kXuWr0wPGugZYRERGp5UlwnZvZcDXsSptJr5e6cAw4A=", "last_login": "2020-07-13T09:44:27.566Z", "is_superuser": false, "username": "MyUser3", "first_name": "", "last_name": "", "email": "", "is_staff": false, "is_active": true, "date_joined": "2020-07-13T09:44:27.419Z", "groups": [], "user_permissions": []}}, {"model": "auth.user", "pk": 4, "fields": {"password": "!4saFgF4SEUqMSUCHNoJvaHaQ2jxGl3khaYyXPcGf", "last_login": "2020-07-14T06:52:22.887Z", "is_superuser": false, "username": "Wilderone", "first_name": "", "last_name": "", "email": "", "is_staff": false, "is_active": true, "date_joined": "2020-07-13T09:46:23.953Z", "groups": [], "user_permissions": []}}, {"model": "auth.user", "pk": 5, "fields": {"password": "pbkdf2_sha256$180000$4DbsKedJ7Qkh$yzapV8pUADf5aa9lsJL4khG9KFDveBgBHDF6X0AJJaY=", "last_login": "2020-07-13T09:48:34.328Z", "is_superuser": false, "username": "prim", "first_name": "", "last_name": "", "email": "", "is_staff": false, "is_active": true, "date_joined": "2020-07-13T09:48:34.176Z", "groups": [], "user_permissions": []}}, {"model": "auth.user", "pk": 6, "fields": {"password": "pbkdf2_sha256$180000$vJmV4146kcag$b6vCtSjaMNnJmYZyRMK2wa2eqawwjfg7v0PvmoGZ6wA=", "last_login": "2020-07-13T10:03:58.646Z", "is_superuser": false, "username": "MyUser4", "first_name": "", "last_name": "", "email": "", "is_staff": false, "is_active": true, "date_joined": "2020-07-13T10:03:58.492Z", "groups": [], "user_permissions": []}}, {"model": "auth.user", "pk": 7, "fields": {"password": "pbkdf2_sha256$180000$9Uhw3KGkr1pb$f1l4uftMnA2js03mmqThjazbuqNDMN7kncYnXOUehJU=", "last_login": "2020-07-13T10:05:31.454Z", "is_superuser": false, "username": "MyUse", "first_name": "", "last_name": "", "email": "", "is_staff": false, "is_active": true, "date_joined": "2020-07-13T10:05:31.300Z", "groups": [], "user_permissions": []}}, {"model": "auth.user", "pk": 8, "fields": {"password": "pbkdf2_sha256$180000$yZKH1obgqEki$1H7uyw42WM3aNRu5IBxkeIzyZUuOTObaM0dSCqnWbBU=", "last_login": "2020-07-13T10:10:23.595Z", "is_superuser": false, "username": "sadas", "first_name": "", "last_name": "", "email": "", "is_staff": false, "is_active": true, "date_joined": "2020-07-13T10:10:23.441Z", "groups": [], "user_permissions": []}}, {"model": "auth.user", "pk": 9, "fields": {"password": "pbkdf2_sha256$180000$gfgRiC7LkgQC$dGnEIFi2ccAGh+hCzbPSS+y8zhqjrF6lrXIYSprlc1M=", "last_login": "2020-07-13T10:15:10.628Z", "is_superuser": false, "username": "prim123", "first_name": "", "last_name": "", "email": "", "is_staff": false, "is_active": true, "date_joined": "2020-07-13T10:15:10.478Z", "groups": [], "user_permissions": []}}, {"model": "auth.user", "pk": 10, "fields": {"password": "pbkdf2_sha256$180000$CT96Xz7RvZjF$H7HEh/qewonI3r2lV2NIhf7b2tZzqDbsmmiWKttJ+yM=", "last_login": "2020-07-14T06:50:19.193Z", "is_superuser": false, "username": "MyUser5", "first_name": "USer", "last_name": "LastName", "email": "dsa@dsa.dsa", "is_staff": false, "is_active": true, "date_joined": "2020-07-13T12:05:58Z", "groups": [], "user_permissions": []}}, {"model": "socialaccount.socialaccount", "pk": 1, "fields": {"user": 4, "provider": "github", "uid": "60431057", "last_login": "2020-07-14T06:52:22.838Z", "date_joined": "2020-07-13T09:46:23.979Z", "extra_data": "{\"login\": \"Wilderone\", \"id\": 60431057, \"node_id\": \"MDQ6VXNlcjYwNDMxMDU3\", \"avatar_url\": \"https://avatars2.githubusercontent.com/u/60431057?v=4\", \"gravatar_id\": \"\", \"url\": \"https://api.github.com/users/Wilderone\", \"html_url\": \"https://github.com/Wilderone\", \"followers_url\": \"https://api.github.com/users/Wilderone/followers\", \"following_url\": \"https://api.github.com/users/Wilderone/following{/other_user}\", \"gists_url\": \"https://api.github.com/users/Wilderone/gists{/gist_id}\", \"starred_url\": \"https://api.github.com/users/Wilderone/starred{/owner}{/repo}\", \"subscriptions_url\": \"https://api.github.com/users/Wilderone/subscriptions\", \"organizations_url\": \"https://api.github.com/users/Wilderone/orgs\", \"repos_url\": \"https://api.github.com/users/Wilderone/repos\", \"events_url\": \"https://api.github.com/users/Wilderone/events{/privacy}\", \"received_events_url\": \"https://api.github.com/users/Wilderone/received_events\", \"type\": \"User\", \"site_admin\": false, \"name\": null, \"company\": null, \"blog\": \"\", \"location\": null, \"email\": null, \"hireable\": null, \"bio\": null, \"twitter_username\": null, \"public_repos\": 39, \"public_gists\": 1, \"followers\": 0, \"following\": 0, \"created_at\": \"2020-01-29T12:11:01Z\", \"updated_at\": \"2020-07-12T03:20:01Z\"}"}}, {"model": "admin.logentry", "pk": 1, "fields": {"action_time": "2020-07-10T07:15:58.591Z", "user": 1, "content_type": 8, "object_id": "1", "object_repr": "Friend1", "action_flag": 1, "change_message": "[{\"added\": {}}]"}}, {"model": "admin.logentry", "pk": 2, "fields": {"action_time": "2020-07-10T07:16:05.375Z", "user": 1, "content_type": 8, "object_id": "2", "object_repr": "Friend2", "action_flag": 1, "change_message": "[{\"added\": {}}]"}}, {"model": "admin.logentry", "pk": 3, "fields": {"action_time": "2020-07-10T07:16:11.736Z", "user": 1, "content_type": 8, "object_id": "3", "object_repr": "Friend3", "action_flag": 1, "change_message": "[{\"added\": {}}]"}}, {"model": "admin.logentry", "pk": 4, "fields": {"action_time": "2020-07-10T07:16:46.945Z", "user": 1, "content_type": 9, "object_id": "1", "object_repr": "Unknown Publisher", "action_flag": 1, "change_message": "[{\"added\": {}}]"}}, {"model": "admin.logentry", "pk": 5, "fields": {"action_time": "2020-07-10T07:16:49.157Z", "user": 1, "content_type": 10, "object_id": "9", "object_repr": "The Catcher in the Rye", "action_flag": 2, "change_message": "[{\"changed\": {\"fields\": [\"Publishing\", \"Debeter\"]}}]"}}, {"model": "admin.logentry", "pk": 6, "fields": {"action_time": "2020-07-10T07:25:05.341Z", "user": 1, "content_type": 10, "object_id": "4", "object_repr": "\u041c\u0435\u0434\u043d\u044b\u0439 \u0432\u0441\u0430\u0434\u043d\u0438\u043a", "action_flag": 2, "change_message": "[{\"changed\": {\"fields\": [\"Publishing\", \"Debeter\"]}}]"}}, {"model": "admin.logentry", "pk": 7, "fields": {"action_time": "2020-07-10T07:25:10.508Z", "user": 1, "content_type": 10, "object_id": "3", "object_repr": "\u0420\u0435\u0432\u0438\u0437\u043e\u0440", "action_flag": 2, "change_message": "[{\"changed\": {\"fields\": [\"Publishing\", \"Debeter\"]}}]"}}, {"model": "admin.logentry", "pk": 8, "fields": {"action_time": "2020-07-10T07:30:21.698Z", "user": 1, "content_type": 11, "object_id": "1", "object_repr": "The Growth of the Soil \u0443 Friend1", "action_flag": 1, "change_message": "[{\"added\": {}}]"}}, {"model": "admin.logentry", "pk": 9, "fields": {"action_time": "2020-07-10T07:30:28.002Z", "user": 1, "content_type": 11, "object_id": "2", "object_repr": "\u0413\u0440\u0430\u0444 \u041d\u0443\u043b\u0438\u043d \u0443 Friend2", "action_flag": 1, "change_message": "[{\"added\": {}}]"}}, {"model": "admin.logentry", "pk": 10, "fields": {"action_time": "2020-07-10T07:30:34.092Z", "user": 1, "content_type": 11, "object_id": "3", "object_repr": "The Hitchhiker's Guide to the Galaxy \u0443 Friend3", "action_flag": 1, "change_message": "[{\"added\": {}}]"}}, {"model": "admin.logentry", "pk": 11, "fields": {"action_time": "2020-07-10T07:30:41.780Z", "user": 1, "content_type": 11, "object_id": "4", "object_repr": "The Hitchhiker's Guide to the Galaxy \u0443 Friend1", "action_flag": 1, "change_message": "[{\"added\": {}}]"}}, {"model": "admin.logentry", "pk": 12, "fields": {"action_time": "2020-07-12T08:47:23.826Z", "user": 1, "content_type": 9, "object_id": "2", "object_repr": "Pearson", "action_flag": 1, "change_message": "[{\"added\": {}}]"}}, {"model": "admin.logentry", "pk": 13, "fields": {"action_time": "2020-07-12T08:47:40.129Z", "user": 1, "content_type": 9, "object_id": "3", "object_repr": "Thomson-Reuters", "action_flag": 1, "change_message": "[{\"added\": {}}]"}}, {"model": "admin.logentry", "pk": 14, "fields": {"action_time": "2020-07-12T08:47:52.465Z", "user": 1, "content_type": 9, "object_id": "4", "object_repr": "Hachette Livre", "action_flag": 1, "change_message": "[{\"added\": {}}]"}}, {"model": "admin.logentry", "pk": 15, "fields": {"action_time": "2020-07-12T08:48:00.611Z", "user": 1, "content_type": 10, "object_id": "7", "object_repr": "The Hitchhiker's Guide to the Galaxy", "action_flag": 2, "change_message": "[{\"changed\": {\"fields\": [\"Publishing\"]}}]"}}, {"model": "admin.logentry", "pk": 16, "fields": {"action_time": "2020-07-12T08:48:06.586Z", "user": 1, "content_type": 10, "object_id": "3", "object_repr": "\u0420\u0435\u0432\u0438\u0437\u043e\u0440", "action_flag": 2, "change_message": "[{\"changed\": {\"fields\": [\"Publishing\"]}}]"}}, {"model": "admin.logentry", "pk": 17, "fields": {"action_time": "2020-07-12T08:48:10.435Z", "user": 1, "content_type": 10, "object_id": "5", "object_repr": "\u0413\u0440\u0430\u0444 \u041d\u0443\u043b\u0438\u043d", "action_flag": 2, "change_message": "[{\"changed\": {\"fields\": [\"Publishing\"]}}]"}}, {"model": "admin.logentry", "pk": 18, "fields": {"action_time": "2020-07-12T08:48:18.814Z", "user": 1, "content_type": 10, "object_id": "1", "object_repr": "The Growth of the Soil", "action_flag": 2, "change_message": "[{\"changed\": {\"fields\": [\"Publishing\"]}}]"}}, {"model": "admin.logentry", "pk": 19, "fields": {"action_time": "2020-07-12T10:32:20.415Z", "user": 1, "content_type": 10, "object_id": "13", "object_repr": "\u0412\u0438\u0439", "action_flag": 3, "change_message": ""}}, {"model": "admin.logentry", "pk": 20, "fields": {"action_time": "2020-07-12T10:32:20.420Z", "user": 1, "content_type": 10, "object_id": "12", "object_repr": "\u0412\u0438\u0439", "action_flag": 3, "change_message": ""}}, {"model": "admin.logentry", "pk": 21, "fields": {"action_time": "2020-07-12T10:32:20.426Z", "user": 1, "content_type": 10, "object_id": "11", "object_repr": "\u0412\u0438\u0439", "action_flag": 3, "change_message": ""}}, {"model": "admin.logentry", "pk": 22, "fields": {"action_time": "2020-07-12T10:33:38.143Z", "user": 1, "content_type": 10, "object_id": "13", "object_repr": "\u0412\u0438\u0439", "action_flag": 3, "change_message": ""}}, {"model": "admin.logentry", "pk": 23, "fields": {"action_time": "2020-07-12T10:33:38.159Z", "user": 1, "content_type": 10, "object_id": "12", "object_repr": "\u0412\u0438\u0439", "action_flag": 3, "change_message": ""}}, {"model": "admin.logentry", "pk": 24, "fields": {"action_time": "2020-07-12T10:33:38.165Z", "user": 1, "content_type": 10, "object_id": "11", "object_repr": "\u0412\u0438\u0439", "action_flag": 3, "change_message": ""}}, {"model": "admin.logentry", "pk": 25, "fields": {"action_time": "2020-07-12T10:33:48.176Z", "user": 1, "content_type": 10, "object_id": "13", "object_repr": "\u0412\u0438\u0439", "action_flag": 3, "change_message": ""}}, {"model": "admin.logentry", "pk": 26, "fields": {"action_time": "2020-07-12T10:33:48.192Z", "user": 1, "content_type": 10, "object_id": "12", "object_repr": "\u0412\u0438\u0439", "action_flag": 3, "change_message": ""}}, {"model": "admin.logentry", "pk": 27, "fields": {"action_time": "2020-07-12T10:33:48.198Z", "user": 1, "content_type": 10, "object_id": "11", "object_repr": "\u0412\u0438\u0439", "action_flag": 3, "change_message": ""}}, {"model": "admin.logentry", "pk": 28, "fields": {"action_time": "2020-07-12T10:35:13.874Z", "user": 1, "content_type": 10, "object_id": "13", "object_repr": "\u0412\u0438\u0439", "action_flag": 2, "change_message": "[{\"changed\": {\"fields\": [\"Cover\"]}}]"}}, {"model": "admin.logentry", "pk": 29, "fields": {"action_time": "2020-07-12T10:36:04.687Z", "user": 1, "content_type": 10, "object_id": "9", "object_repr": "The Catcher in the Rye", "action_flag": 3, "change_message": ""}}, {"model": "admin.logentry", "pk": 30, "fields": {"action_time": "2020-07-12T10:46:56.205Z", "user": 1, "content_type": 10, "object_id": "10", "object_repr": "\u0412\u0438\u0439", "action_flag": 3, "change_message": ""}}, {"model": "admin.logentry", "pk": 31, "fields": {"action_time": "2020-07-12T10:47:03.856Z", "user": 1, "content_type": 10, "object_id": "13", "object_repr": "\u0412\u0438\u0439", "action_flag": 3, "change_message": ""}}, {"model": "admin.logentry", "pk": 32, "fields": {"action_time": "2020-07-12T10:47:03.874Z", "user": 1, "content_type": 10, "object_id": "12", "object_repr": "\u0412\u0438\u0439", "action_flag": 3, "change_message": ""}}, {"model": "admin.logentry", "pk": 33, "fields": {"action_time": "2020-07-12T10:47:03.881Z", "user": 1, "content_type": 10, "object_id": "11", "object_repr": "\u0412\u0438\u0439", "action_flag": 3, "change_message": ""}}, {"model": "admin.logentry", "pk": 34, "fields": {"action_time": "2020-07-12T11:26:43.814Z", "user": 1, "content_type": 10, "object_id": "16", "object_repr": "Dirk Gently #3", "action_flag": 2, "change_message": "[{\"changed\": {\"fields\": [\"Cover\"]}}]"}}, {"model": "admin.logentry", "pk": 35, "fields": {"action_time": "2020-07-12T11:27:02.306Z", "user": 1, "content_type": 10, "object_id": "15", "object_repr": "\u0412\u0438\u0439", "action_flag": 2, "change_message": "[{\"changed\": {\"fields\": [\"Cover\"]}}]"}}, {"model": "admin.logentry", "pk": 36, "fields": {"action_time": "2020-07-13T09:17:28.324Z", "user": 1, "content_type": 17, "object_id": "1", "object_repr": "lib_auth", "action_flag": 1, "change_message": "[{\"added\": {}}]"}}, {"model": "admin.logentry", "pk": 37, "fields": {"action_time": "2020-07-13T12:26:08.457Z", "user": 1, "content_type": 16, "object_id": "1", "object_repr": "Wilderone", "action_flag": 2, "change_message": "[{\"changed\": {\"fields\": [\"Extra data\"]}}]"}}, {"model": "admin.logentry", "pk": 38, "fields": {"action_time": "2020-07-14T06:38:43.035Z", "user": 1, "content_type": 4, "object_id": "10", "object_repr": "MyUser5", "action_flag": 2, "change_message": "[{\"changed\": {\"fields\": [\"First name\", \"Last name\", \"Email address\"]}}]"}}]